<?xml version="1.0" encoding="UTF-8"?>
<project-private xmlns="http://www.netbeans.org/ns/project-private/1">
    <editor-bookmarks xmlns="http://www.netbeans.org/ns/editor-bookmarks/2" lastBookmarkId="0"/>
    <open-files xmlns="http://www.netbeans.org/ns/projectui-open-files/2">
        <group>
            <file>file:/Users/Kashish/NetBeansProjects/DIA_A0/src/draw_box.java</file>
            <file>file:/Users/Kashish/NetBeansProjects/DIA_A0/src/frame1.java</file>
            <file>file:/Users/Kashish/NetBeansProjects/DIA_A0/src/ZoomPane.java</file>
            <file>file:/Users/Kashish/NetBeansProjects/DIA_A0/src/test.java</file>
        </group>
    </open-files>
</project-private>
